name,phone,address,bal
Ashley,987-898-0987,123 central Park,111.000000
Tyler,222-222-2222,456 Main St,222.000000
Chai,303-303-3030,675 Chai st,333.000000
spicy,444-444-4444,44 spicy chai st,444.799988
